,brand,username,user_id
0,Desigual,-M's- Café & Bar,lpet16qfnsa9zn97li98q8c50
1,Desigual,11140026434,11140026434
2,Desigual,1124259794,1124259794
3,Desigual,1128877460,1128877460
4,Desigual,1133606734,1133606734
5,Desigual,1149224198,1149224198
6,Desigual,115797706,115797706
7,Desigual,1195772625,1195772625
8,Desigual,1197435733,1197435733
9,Desigual,12144972211,12144972211
10,Desigual,123crisgirona,123crisgirona
11,Desigual,1298331577,1298331577
12,Desigual,19aaamsss85,19aaamsss85
13,Desigual,214gmsckjd3tlkcucjxfvtbhq,214gmsckjd3tlkcucjxfvtbhq
14,Desigual,21qjupx22dhjo64ozdiy5bwkq,21qjupx22dhjo64ozdiy5bwkq
15,Desigual,22fredy_fish9,22fredy_fish9
16,Desigual,22iurcelay,22iurcelay
17,Desigual,2embracethemartian2,2embracethemartian2
18,Desigual,2felipeco,2felipeco
19,Desigual,2fellas.inc,2fellas.inc
20,Desigual,2fernandol232,2fernandol232
21,Desigual,2fosi_fp12,2fosi_fp12
22,Desigual,gordejo,gordejo
23,Desigual,3catorze,3catorze
24,Desigual,3yunika3,3yunika3
25,Desigual,7hades,7hades
26,Desigual,a.baraldi1628,a.baraldi1628
27,Desigual,a_bea_man,a_bea_man
28,Desigual,a_gil1987,a_gil1987
29,Desigual,aaandreu,aaandreu
30,Desigual,abellolaura25,abellolaura25
31,Desigual,abernard41,abernard41
32,Desigual,ablanco10cra,ablanco10cra
33,Desigual,abner_g_g,abner_g_g
34,Desigual,abouvierballester,abouvierballester
35,Desigual,abr.leon,abr.leon
36,Desigual,abueloalc,abueloalc
37,Desigual,aburgase,aburgase
38,Desigual,acanales_duarte,acanales_duarte
39,Desigual,acebesyasociados.infonegocios,acebesyasociados.infonegocios
40,Desigual,aceitita,aceitita
41,Desigual,acostagalex,acostagalex
42,Desigual,adaalter,adaalter
43,Desigual,adelamargalef,adelamargalef
44,Desigual,Adi,zvp21idbai2apnv70djj2nmh6
45,Desigual,adria.tomeo,adria.tomeo
46,Desigual,adriamonje,adriamonje
47,Desigual,adriano.hellbusch,adriano.hellbusch
48,Desigual,aemese2,aemese2
49,Desigual,aerith.89,aerith.89
50,Desigual,ag.profesionalesliberales,ag.profesionalesliberales
51,Desigual,agarcia19732,agarcia19732
52,Desigual,agnes.m.mitjavila,agnes.m.mitjavila
53,Desigual,agnesroukoz3,agnesroukoz3
54,Desigual,agsarchitecture,agsarchitecture
55,Desigual,aguacatenena,aguacatenena
56,Desigual,aguanoso_16,aguanoso_16
57,Desigual,agurob_jinx,agurob_jinx
58,Desigual,aimarperezgali1,aimarperezgali1
59,Desigual,ainaa__,ainaa__
60,Desigual,Ainara Medina,ainara.medina
61,Desigual,ainhoa.cabezas,ainhoa.cabezas
62,Desigual,ainhoagaliano1,ainhoagaliano1
63,Desigual,aintzane73,aintzane73
64,Desigual,airam_vel,airam_vel
65,Desigual,aitor_mc,aitor_mc
66,Desigual,aitorfucsia,aitorfucsia
67,Desigual,aitorlopez2,aitorlopez2
68,Desigual,aitortxu_euskaldun2,aitortxu_euskaldun2
69,Desigual,aj.unchained,aj.unchained
70,Desigual,akachem3,akachem3
71,Desigual,akixoeder,akixoeder
72,Desigual,akultura,akultura
73,Desigual,alamoseco,alamoseco
74,Desigual,alangarvil24,alangarvil24
75,Desigual,alarnes2,alarnes2
76,Desigual,alasconmanubrio,alasconmanubrio
77,Desigual,Alba Lago Martínez,1193030317
78,Desigual,Alba María,braisgarcia
79,Desigual,alba_v1990_14,alba_v1990_14
80,Desigual,albaadell3,albaadell3
81,Desigual,albacarvajal,albacarvajal
82,Desigual,albacv84,albacv84
83,Desigual,Albert L.G.,albertlg
84,Desigual,Albert Obiols Jover,1189287450
85,Desigual,albert.gasch,albert.gasch
86,Desigual,albert.luengo,albert.luengo
87,Desigual,albertconesa,albertconesa
88,Desigual,albertorecarte,albertorecarte
89,Desigual,albllinares,albllinares
90,Desigual,ale.xixona23,ale.xixona23
91,Desigual,Aleksi Pihkanen,alx
92,Desigual,alejandroricky,alejandroricky
93,Desigual,alemitjans4,alemitjans4
94,Desigual,alessiasurace,alessiasurace
95,Desigual,alex.arques.cortes,alex.arques.cortes
96,Desigual,alex.vilagran,alex.vilagran
97,Desigual,alex1243,alex1243
98,Desigual,alexamansalva4,alexamansalva4
99,Desigual,alexandracalabuig,alexandracalabuig
100,Desigual,alexandraf.ruiz,alexandraf.ruiz
101,Desigual,alexandralasalle,alexandralasalle
102,Desigual,alexgaso92,alexgaso92
103,Desigual,aleybautista,aleybautista
104,Desigual,alfie_900,alfie_900
105,Desigual,es,es
106,Desigual,algamon25,algamon25
107,Desigual,Almendra Romero,1277412201
108,Desigual,almustachin3,almustachin3
109,Desigual,aloxole,aloxole
110,Desigual,alsegur,alsegur
111,Desigual,Gunnar R,g
112,Desigual,alvaro_pirulito3,alvaro_pirulito3
113,Desigual,alvarodionisio,alvarodionisio
114,Desigual,alvaroestebangarcia,alvaroestebangarcia
115,Desigual,alvaromakeup,alvaromakeup
116,Desigual,alxcnd21,alxcnd21
117,Desigual,amagoiagu2,amagoiagu2
118,Desigual,amaia.ferragud,amaia.ferragud
119,Desigual,amaia_badio,amaia_badio
120,Desigual,amandagronow,amandagronow
121,Desigual,amar_game90,amar_game90
122,Desigual,ambideraimon4,ambideraimon4
123,Desigual,amitambienn,amitambienn
124,Desigual,amnesia2003,amnesia2003
125,Desigual,ana.caballero.b,ana.caballero.b
126,Desigual,ana.escribano3,ana.escribano3
127,Desigual,ana.gmoratalla,ana.gmoratalla
128,Desigual,ana_zamora_100,ana_zamora_100
129,Desigual,anabe1942,anabe1942
130,Desigual,anabel_bt5,anabel_bt5
131,Desigual,anabelen49,anabelen49
132,Desigual,anacórdoba,anac%C3%B3rdoba
133,Desigual,anaesther.vega,anaesther.vega
134,Desigual,anaguil,anaguil
135,Desigual,anahoffmann3,anahoffmann3
136,Desigual,anaigea89,anaigea89
137,Desigual,anamartin999,anamartin999
138,Desigual,anamgs3,anamgs3
139,Desigual,ananin90,ananin90
140,Desigual,anasinatra13,anasinatra13
141,Desigual,anasuarezj,anasuarezj
142,Desigual,andalfaro3,andalfaro3
143,Desigual,Andi Lunamor,1123901868
144,Desigual,andisco75,andisco75
145,Desigual,Andrea G.,andreagaruz
146,Desigual,andrea91_rs,andrea91_rs
147,Desigual,andreacarandini,andreacarandini
148,Desigual,andreamachimbarrenalopez,andreamachimbarrenalopez
149,Desigual,andreamisol4,andreamisol4
150,Desigual,andrei.papenov,andrei.papenov
151,Desigual,andreubastos4,andreubastos4
152,Desigual,andyemesehgil,andyemesehgil
153,Desigual,anexmu3,anexmu3
154,Desigual,angelarubiti,angelarubiti
155,Desigual,angelazua,angelazua
156,Desigual,angelesrey1,angelesrey1
157,Desigual,angelexposito2,angelexposito2
158,Desigual,angela,angela
159,Desigual,angie_hdez_21,angie_hdez_21
160,Desigual,angienauta07,angienauta07
161,Desigual,angietueros,angietueros
162,Desigual,anhead2,anhead2
163,Desigual,anieto1950,anieto1950
164,Desigual,anita.anisita,anita.anisita
165,Desigual,anita_pink18,anita_pink18
166,Desigual,anitabreiker,anitabreiker
167,Desigual,anloncon,anloncon
168,Desigual,marce,marce
169,Desigual,anna_apr,anna_apr
170,Desigual,anna_pujol,anna_pujol
171,Desigual,anna_surf26_,anna_surf26_
172,Desigual,annacardo33,annacardo33
173,Desigual,annacastillogarcia,annacastillogarcia
174,Desigual,annagil_iranzo,annagil_iranzo
175,Desigual,Annamária Wettstein,214654vh3urj5xdqpiz6ahjta
176,Desigual,annavillasol,annavillasol
177,Desigual,annitalba,annitalba
178,Desigual,anosaxuntanza3,anosaxuntanza3
179,Desigual,anouky_84,anouky_84
180,Desigual,antonella.meroi,antonella.meroi
181,Desigual,Antonio Hernández Valverde,ahernandez.valverde
182,Desigual,Antonio Julian Riofrio,1192156049
183,Desigual,antonio_guimbarda,antonio_guimbarda
184,Desigual,antoniodorado5,antoniodorado5
185,Desigual,antoniorosado1,antoniorosado1
186,Desigual,antuan_marbella,antuan_marbella
187,Desigual,anuii43,anuii43
188,Desigual,anyz_303,anyz_303
189,Desigual,apascualserrano,apascualserrano
190,Desigual,apolo.flores,apolo.flores
191,Desigual,apuigflorido,apuigflorido
192,Desigual,arandr86,arandr86
193,Desigual,arantxa_orti4,arantxa_orti4
194,Desigual,arcashondeo,arcashondeo
195,Desigual,archibilbi4,archibilbi4
196,Desigual,arforum,arforum
197,Desigual,ariadna.antolin4,ariadna.antolin4
198,Desigual,ariadna.cespedes,ariadna.cespedes
199,Desigual,arianna_acierno,arianna_acierno
200,Desigual,arie_af,arie_af
201,Desigual,arisocristina4,arisocristina4
202,Desigual,arjhons4,arjhons4
203,Desigual,aroha.free,aroha.free
204,Desigual,arratsmerino,arratsmerino
205,Desigual,art.katerina,art.katerina
206,Desigual,asanchezbenito,asanchezbenito
207,Desigual,asedub_86,asedub_86
208,Desigual,astridjacomme,astridjacomme
209,Desigual,atarjetaroja.es,atarjetaroja.es
210,Desigual,auroreknapic,auroreknapic
211,Desigual,ausulina,ausulina
212,Desigual,averigualotumismo3,averigualotumismo3
213,Desigual,avm1992,avm1992
214,Desigual,avorita4,avorita4
215,Desigual,aymeric.besse,aymeric.besse
216,Desigual,badboy_tito69,badboy_tito69
217,Desigual,baezairene,baezairene
218,Desigual,bagava4,bagava4
219,Desigual,baixllob,baixllob
220,Desigual,balbina.sarda,balbina.sarda
221,Desigual,bancaleroperez,bancaleroperez
222,Desigual,Barbara Riddei,11131711198
223,Desigual,barbara1243,barbara1243
224,Desigual,barbarutxa3,barbarutxa3
225,Desigual,Barney Elliott,11130376020
226,Desigual,barroyob,barroyob
227,Desigual,basement.chicks,basement.chicks
228,Desigual,bcntgn,bcntgn
229,Desigual,bea_89gr,bea_89gr
230,Desigual,beckypom,beckypom
231,Desigual,begogonzaless,begogonzaless
232,Desigual,belaia09,belaia09
233,Desigual,belenriveiro_3,belenriveiro_3
234,Desigual,belluga7,belluga7
235,Desigual,belmode3,belmode3
236,Desigual,berbe_marc,berbe_marc
237,Desigual,bessacla,bessacla
238,Desigual,bgonzalez07,bgonzalez07
239,Desigual,bia_zinha20,bia_zinha20
240,Desigual,bio.raquel,bio.raquel
241,Desigual,bitxitu2001,bitxitu2001
242,Desigual,BJoyce | BJDC,bjoycedj
243,Desigual,blalacasa,blalacasa
244,Desigual,blancappc123,blancappc123
245,Desigual,blumien21_521,blumien21_521
246,Desigual,boeder07,boeder07
247,Desigual,bol_bcn07,bol_bcn07
248,Desigual,bombonsito_122,bombonsito_122
249,Desigual,bongosland123,bongosland123
250,Desigual,borja.669,borja.669
251,Desigual,borjadell,borjadell
252,Desigual,braulio_calleja,braulio_calleja
253,Desigual,brunorav,brunorav
254,Desigual,Brusco Lusco Fusco,11101198005
255,Desigual,brutonselche,brutonselche
256,Desigual,buenavibr,buenavibr
257,Desigual,bwokaabwokaa.com,bwokaabwokaa.com
258,Desigual,bzzyk,bzzyk
259,Desigual,c27tv,c27tv
260,Desigual,caballerolorite22,caballerolorite22
261,Desigual,calambres33,calambres33
262,Desigual,calledecordoba,calledecordoba
263,Desigual,calzadaatleticointernational,calzadaatleticointernational
264,Desigual,Camila Pedraza,22pzghqcc5qxy426yecmv34gq
265,Desigual,camilamona,camilamona
266,Desigual,Camilo Andres Samboni,1140877085
267,Desigual,caminorojo,caminorojo
268,Desigual,candela_channel,candela_channel
269,Desigual,cannabis38,cannabis38
270,Desigual,caracolga,caracolga
271,Desigual,cardeling,cardeling
272,Desigual,carla.aguilar.s,carla.aguilar.s
273,Desigual,carles.crc,carles.crc
274,Desigual,carlesizquierdo2,carlesizquierdo2
275,Desigual,carlosalpunto,carlosalpunto
276,Desigual,carloscgallego.es,carloscgallego.es
277,Desigual,carlosfonsecamartinez,carlosfonsecamartinez
278,Desigual,carlosmeszarich,carlosmeszarich
279,Desigual,carlostorrente2,carlostorrente2
280,Desigual,Carmen Elena Cervantes,1299338487
281,Desigual,carmen_ls89,carmen_ls89
282,Desigual,carmencarriongalvez,carmencarriongalvez
283,Desigual,carmenmairena21,carmenmairena21
284,Desigual,caroladosemociones.com,caroladosemociones.com
285,Desigual,carolavainilla123,carolavainilla123
286,Desigual,carolgomezpuig,carolgomezpuig
287,Desigual,Carolina Guillén Morera,ctegeniana
288,Desigual,casacastilla1,casacastilla1
289,Desigual,Cata Genoud,catygenoud
290,Desigual,catesp8,catesp8
291,Desigual,cb@s,sebastiandm
292,Desigual,cbeltran12,cbeltran12
293,Desigual,cdecaranadal,cdecaranadal
294,Desigual,ceciliaeloisa.lopez,ceciliaeloisa.lopez
295,Desigual,ceciliarb,ceciliarb
296,Desigual,celiahb123,celiahb123
297,Desigual,celiamp8,celiamp8
298,Desigual,cereagila,cereagila
299,Desigual,cesarpesquera.com,cesarpesquera.com
300,Desigual,ch7murcia,ch7murcia
301,Desigual,chacochilches,chacochilches
302,Desigual,chadooxchai,chadooxchai
303,Desigual,champiblack,champiblack
304,Desigual,charlie83xt123,charlie83xt123
305,Desigual,charliflipa,charliflipa
306,Desigual,Charlotte Albino,21l67dy4gyfwv63qpnn2mhz6i
307,Desigual,chavesnavas123,chavesnavas123
308,Desigual,chemitasoy,chemitasoy
309,Desigual,chicledefresa2,chicledefresa2
310,Desigual,chihiro_l,chihiro_l
311,Desigual,chimi_deluxe,chimi_deluxe
312,Desigual,chinillop,chinillop
313,Desigual,chinita_7_6,chinita_7_6
314,Desigual,chispillatronik123,chispillatronik123
315,Desigual,chispumm123,chispumm123
316,Desigual,chuchamel123,chuchamel123
317,Desigual,cibersimiaxx,cibersimiaxx
318,Desigual,ciervoluminoso,ciervoluminoso
319,Desigual,cigaleta109,cigaleta109
320,Desigual,ciliuka123,ciliuka123
321,Desigual,ciricutrillo123,ciricutrillo123
322,Desigual,Citla Reyes,22ssno4qsjfb2bwpou4kmx52q
323,Desigual,claderrac,claderrac
324,Desigual,clara.delcastillo,clara.delcastillo
325,Desigual,clara6760,clara6760
326,Desigual,clara_393,clara_393
327,Desigual,claragarcialorenz,claragarcialorenz
328,Desigual,claramelus,claramelus
329,Desigual,Claudio Alborghetti,21mklttcw4u6ysphokf54tjba
330,Desigual,claudioatienza123,claudioatienza123
331,Desigual,claupardo_92,claupardo_92
332,Desigual,clausparra,clausparra
333,Desigual,cledo8,cledo8
334,Desigual,cmoliner123,cmoliner123
335,Desigual,cocoval723,cocoval723
336,Desigual,coke_baeza13,coke_baeza13
337,Desigual,colder1968,colder1968
338,Desigual,come.on.vogue,come.on.vogue
339,Desigual,comptabilitat123,comptabilitat123
340,Desigual,condb6,condb6
341,Desigual,confisgt,confisgt
342,Desigual,confite0,confite0
343,Desigual,considerado,considerado
344,Desigual,contxi_1986,contxi_1986
345,Desigual,copycopy27,copycopy27
346,Desigual,coralregueira,coralregueira
347,Desigual,correo.arenal,correo.arenal
348,Desigual,costan7912,costan7912
349,Desigual,cpilar.sentido.comun,cpilar.sentido.comun
350,Desigual,crazy_nico6,crazy_nico6
351,Desigual,creaimagen77,creaimagen77
352,Desigual,crguez.gmail,crguez.gmail
353,Desigual,cris.morell,cris.morell
354,Desigual,cris_carranza93,cris_carranza93
355,Desigual,cris_fg92,cris_fg92
356,Desigual,crislo.lou123,crislo.lou123
357,Desigual,crismad2,crismad2
358,Desigual,cristi_mas,cristi_mas
359,Desigual,cristicosta1,cristicosta1
360,Desigual,Cristián López Flores,12131212131
361,Desigual,criti73,criti73
362,Desigual,csanchez.recoletos,csanchez.recoletos
363,Desigual,csentinella123,csentinella123
364,Desigual,csr_671,csr_671
365,Desigual,ctrius123,ctrius123
366,Desigual,cuaixe.mundo,cuaixe.mundo
367,Desigual,currucuka123,currucuka123
368,Desigual,dani_98belieber,dani_98belieber
369,Desigual,dani_hm8,dani_hm8
370,Desigual,daniel cao,11172936958
371,Desigual,Daniel Östman,dennlon
372,Desigual,444,444
373,Desigual,danielacucina,danielacucina
374,Desigual,danielbueno_88,danielbueno_88
375,Desigual,danielromg,danielromg
376,Desigual,danierueda,danierueda
377,Desigual,danifdezalonso,danifdezalonso
378,Desigual,danigalindof,danigalindof
379,Desigual,daraortega,daraortega
380,Desigual,darioflipa,darioflipa
381,Desigual,david.ahis,david.ahis
382,Desigual,david_villaverde3,david_villaverde3
383,Desigual,davidaragonesfauro,davidaragonesfauro
384,Desigual,davidbarrioarmas,davidbarrioarmas
385,Desigual,davidrodriguezruiz86,davidrodriguezruiz86
386,Desigual,dbombadil,dbombadil
387,Desigual,dce.1974,dce.1974
388,Desigual,deadsound13_,deadsound13_
389,Desigual,deckart.dj,deckart.dj
390,Desigual,definitely_oasis,definitely_oasis
391,Desigual,deirdrecanle6,deirdrecanle6
392,Desigual,Deisy Darling,22ocfssnasp2wicdxy4jyocda
393,Desigual,deivith4,deivith4
394,Desigual,delatorre.deltaintl,delatorre.deltaintl
395,Desigual,delpiino6,delpiino6
396,Desigual,desigual210,desigual210
397,Desigual,DESMO,uaisi
398,Desigual,dewoq,dewoq
399,Desigual,dfv1980_,dfv1980_
400,Desigual,dgentilil,dgentilil
401,Desigual,dianepaz,dianepaz
402,Desigual,diecabvic,diecabvic
403,Desigual,diego_garcia590,diego_garcia590
404,Desigual,diegpaul167,diegpaul167
405,Desigual,dieguitolive,dieguitolive
406,Desigual,diguemelquevulguis,diguemelquevulguis
407,Desigual,dimar18,dimar18
408,Desigual,dinamusamor,dinamusamor
409,Desigual,dip67317,dip67317
410,Desigual,dip67317_,dip67317_
411,Desigual,dj_fill_6006,dj_fill_6006
412,Desigual,dj_rib3,dj_rib3
413,Desigual,djcocoj,djcocoj
414,Desigual,djdarkness69,djdarkness69
415,Desigual,djguerre,djguerre
416,Desigual,djjoaky,djjoaky
417,Desigual,djmariaarias,djmariaarias
418,Desigual,djpacop4,djpacop4
419,Desigual,17480,17480
420,Desigual,dmd00000,dmd00000
421,Desigual,dmitry.vinokurov,dmitry.vinokurov
422,Desigual,dmolon,dmolon
423,Desigual,doloresdanaher4,doloresdanaher4
424,Desigual,domincoca66,domincoca66
425,Desigual,domistop,domistop
426,Desigual,domodinocracker,domodinocracker
427,Desigual,Dorica Nuccio,1185415066
428,Desigual,dpvmarketing,dpvmarketing
429,Desigual,dqm86,dqm86
430,Desigual,drixal,drixal
431,Desigual,dshopblanes,dshopblanes
432,Desigual,dsmatm5,dsmatm5
433,Desigual,dsottimano,dsottimano
434,Desigual,dulantzi75_,dulantzi75_
435,Desigual,duncan.a.campbell,duncan.a.campbell
436,Desigual,dvd_meteora,dvd_meteora
437,Desigual,e.pessoa,e.pessoa
438,Desigual,e_beitia,e_beitia
439,Desigual,e_osma,e_osma
440,Desigual,earthtobella422,earthtobella422
441,Desigual,ecabara,ecabara
442,Desigual,ecdengra2,ecdengra2
443,Desigual,echeverria9090,echeverria9090
444,Desigual,eddjusefc2,eddjusefc2
445,Desigual,edeango,edeango
446,Desigual,Edgardo Torres Vilca,1110177877
447,Desigual,ediaz2234,ediaz2234
448,Desigual,eduardobernalperez,eduardobernalperez
449,Desigual,eduardobonet,eduardobonet
450,Desigual,eduardogil1998,eduardogil1998
451,Desigual,eduardriu2,eduardriu2
452,Desigual,edujane2,edujane2
453,Desigual,Sofia Fia Årström,kid2
454,Desigual,el.mono.que.rie,el.mono.que.rie
455,Desigual,el_perez_912,el_perez_912
456,Desigual,Elena Uvanovski,1115916807
457,Desigual,elia_florez,elia_florez
458,Desigual,elisadm862,elisadm862
459,Desigual,elise27.lejeune27,elise27.lejeune27
460,Desigual,eliubeda2,eliubeda2
461,Desigual,eliza_c,eliza_c
462,Desigual,Elle,tp9q3x77oc52ohbl5j2e9ovtn
463,Desigual,elloky2,elloky2
464,Desigual,elobernardo,elobernardo
465,Desigual,eloy3_kay2,eloy3_kay2
466,Desigual,elpepe86,elpepe86
467,Desigual,elvillo692,elvillo692
468,Desigual,emailanmagda2,emailanmagda2
469,Desigual,emanuelaholde22r,emanuelaholde22r
470,Desigual,emekha2,emekha2
471,Desigual,emicolao,emicolao
472,Desigual,emiliogildelrio2,emiliogildelrio2
473,Desigual,emiliolopez.europapreess,emiliolopez.europapreess
474,Desigual,emistorm2,emistorm2
475,Desigual,emoruz2,emoruz2
476,Desigual,empresariosgv,empresariosgv
477,Desigual,enedearcos1,enedearcos1
478,Desigual,enovevalopez442,enovevalopez442
479,Desigual,enrimart23,enrimart23
480,Desigual,enriqueriverolopez1,enriqueriverolopez1
481,Desigual,ensioviolator,ensioviolator
482,Desigual,entrelaspoesiasyzanahorias,entrelaspoesiasyzanahorias
483,Desigual,eorgina.palma,eorgina.palma
484,Desigual,ese_oskita882,ese_oskita882
485,Desigual,eseyo_9952,eseyo_9952
486,Desigual,espeis162,espeis162
487,Desigual,esstacysanchez2,esstacysanchez2
488,Desigual,esteban.ms,esteban.ms
489,Desigual,estefperez2,estefperez2
490,Desigual,estela_sp_142,estela_sp_142
491,Desigual,estervillarino,estervillarino
492,Desigual,estevemarco2,estevemarco2
493,Desigual,esther1990_2,esther1990_2
494,Desigual,estheristar2,estheristar2
495,Desigual,estoesmanjatan2,estoesmanjatan2
496,Desigual,estress42,estress42
497,Desigual,eugenia.sorazu,eugenia.sorazu
498,Desigual,eugenisp,eugenisp
499,Desigual,eva.selva,eva.selva
500,Desigual,evact522,evact522
501,Desigual,evaisarobot2,evaisarobot2
502,Desigual,evamartin22,evamartin22
503,Desigual,evelynmorenoei,evelynmorenoei
504,Desigual,everlastingrecords.com,everlastingrecords.com
505,Desigual,evolatrie2,evolatrie2
506,Desigual,ez3kiel_142,ez3kiel_142
507,Desigual,f_massip2,f_massip2
508,Desigual,fab.tocc,fab.tocc
509,Desigual,fabfrank,fabfrank
510,Desigual,fabian_hoflinger,fabian_hoflinger
511,Desigual,fabiandom22,fabiandom22
512,Desigual,fabiomr82,fabiomr82
513,Desigual,fackingspecial2,fackingspecial2
514,Desigual,fafranco82,fafranco82
515,Desigual,fangarita752,fangarita752
516,Desigual,farreri320,farreri320
517,Desigual,fco.blancosanchez2,fco.blancosanchez2
518,Desigual,fdesoto.bancopopular,fdesoto.bancopopular
519,Desigual,Fede Beltran,1283445088
520,Desigual,federicoguerreroc2,federicoguerreroc2
521,Desigual,Fernando Martín,1184940518
522,Desigual,fernandosalas,fernandosalas
523,Desigual,fernandosilroldan,fernandosilroldan
524,Desigual,fiestasplastidecor,fiestasplastidecor
525,Desigual,fjfrecoletos,fjfrecoletos
526,Desigual,floresmorenolopez2,floresmorenolopez2
527,Desigual,fmatelli222,fmatelli222
528,Desigual,fmb21522,fmb21522
529,Desigual,fmontaner2,fmontaner2
530,Desigual,fmuniz22,fmuniz22
531,Desigual,formosa.andreas,formosa.andreas
532,Desigual,fplaza2,fplaza2
533,Desigual,fran.clasico2,fran.clasico2
534,Desigual,fran_m_c22,fran_m_c22
535,Desigual,francis.paradise2,francis.paradise2
536,Desigual,francis_ayllon,francis_ayllon
537,Desigual,franciscaglezmurillo,franciscaglezmurillo
538,Desigual,es,es
539,Desigual,francisconavarro312,francisconavarro312
540,Desigual,franckmary7522,franckmary7522
541,Desigual,francpi2,francpi2
542,Desigual,frandelavegacarri,frandelavegacarri
543,Desigual,Frank Ibern,fran.ibern
544,Desigual,franklop90,franklop90
545,Desigual,frankybarbaix22,frankybarbaix22
546,Desigual,franpicon,franpicon
547,Desigual,frantxeto86222,frantxeto86222
548,Desigual,frburrel,frburrel
549,Desigual,fronmitudepipol22,fronmitudepipol22
550,Desigual,funfunai22,funfunai22
551,Desigual,fusidez1,fusidez1
552,Desigual,Gabriela Carbolová,gabriela_c
553,Desigual,gabrielaevalentin,gabrielaevalentin
554,Desigual,gabrielasoria22,gabrielasoria22
555,Desigual,gabrisanma22,gabrisanma22
556,Desigual,galzanosa,galzanosa
557,Desigual,gametxo892,gametxo892
558,Desigual,gascon.ch,gascon.ch
559,Desigual,gaston.cespedes.electropop,gaston.cespedes.electropop
560,Desigual,gaztea01722,gaztea01722
561,Desigual,gbuklaha,gbuklaha
562,Desigual,gbyz1322,gbyz1322
563,Desigual,gemacastro548,gemacastro548
564,Desigual,gemma.sala222,gemma.sala222
565,Desigual,gemma2909_9522,gemma2909_9522
566,Desigual,gemma_espin182,gemma_espin182
567,Desigual,gemmarhuenda2,gemmarhuenda2
568,Desigual,gemmcastellano22,gemmcastellano22
569,Desigual,genis.serra2,genis.serra2
570,Desigual,georgiacabrero,georgiacabrero
571,Desigual,gerar21022,gerar21022
572,Desigual,gerardskater22,gerardskater22
573,Desigual,gfernandez6922,gfernandez6922
574,Desigual,giancarlo_lanza,giancarlo_lanza
575,Desigual,ginacostavalles22,ginacostavalles22
576,Desigual,giorgia.ferrucci,giorgia.ferrucci
577,Desigual,Giovanni Licciardello,11153080310
578,Desigual,gisriq,gisriq
579,Desigual,giulia.paradell22,giulia.paradell22
580,Desigual,giulietta84,giulietta84
581,Desigual,gla_fassade,gla_fassade
582,Desigual,glink18222,glink18222
583,Desigual,gloria_young,gloria_young
584,Desigual,goha7222,goha7222
585,Desigual,gomezdearanda_912,gomezdearanda_912
586,Desigual,gon.nati22,gon.nati22
587,Desigual,gonchu872,gonchu872
588,Desigual,goodluck3024,goodluck3024
589,Desigual,gormaechea22,gormaechea22
590,Desigual,gpetri22,gpetri22
591,Desigual,grazozaaaa,grazozaaaa
592,Desigual,greencrow4122,greencrow4122
593,Desigual,grijalvae,grijalvae
594,Desigual,guaikemola22,guaikemola22
595,Desigual,gubedoble22,gubedoble22
596,Desigual,guim.soundworks22,guim.soundworks22
597,Desigual,guimiug22,guimiug22
598,Desigual,gurutze7022,gurutze7022
599,Desigual,gustavourcelay22,gustavourcelay22
600,Desigual,guzmanogc2,guzmanogc2
601,Desigual,Harimi,21myi542bes7oennqjeaz2w2a
602,Desigual,ag,ag
603,Desigual,hector,hectorgonzalz
604,Desigual,hectoralvarez80,hectoralvarez80
605,Desigual,hectorhe8822,hectorhe8822
606,Desigual,hectormr19862,hectormr19862
607,Desigual,hektor.serna2,hektor.serna2
608,Desigual,helena6802,helena6802
609,Desigual,helena_314,helena_314
610,Desigual,hellokatill2,hellokatill2
611,Desigual,henarrr22222,henarrr22222
612,Desigual,herguido,herguido
613,Desigual,hermiloglez,hermiloglez
614,Desigual,heviajuanca,heviajuanca
615,Desigual,higginsiranzo2,higginsiranzo2
616,Desigual,hm.chiara22,hm.chiara22
617,Desigual,hmartimateos,hmartimateos
618,Desigual,hmodrego,hmodrego
619,Desigual,hopkore22,hopkore22
620,Desigual,how.to.s,how.to.s
621,Desigual,huirdeti22,huirdeti22
622,Desigual,hyperdub.inc22,hyperdub.inc22
623,Desigual,i.jimenezpi2,i.jimenezpi2
624,Desigual,i_make_grgrgr2,i_make_grgrgr2
625,Desigual,i_solla22,i_solla22
626,Desigual,iban.benzal2,iban.benzal2
627,Desigual,icasaresruiz,icasaresruiz
628,Desigual,idelasierra2,idelasierra2
629,Desigual,igafer22,igafer22
630,Desigual,igilramon,igilramon
631,Desigual,ignasgasjuas2,ignasgasjuas2
632,Desigual,igone_mutriku2,igone_mutriku2
633,Desigual,ihellifa72,ihellifa72
634,Desigual,iker.ormazabal.irazusta,iker.ormazabal.irazusta
635,Desigual,ima_ortigosahotmail.com,ima_ortigosahotmail.com
636,Desigual,imagen.sandragmail.com,imagen.sandragmail.com
637,Desigual,imanoleduhotmail.com,imanoleduhotmail.com
638,Desigual,inesao2001gmail.com,inesao2001gmail.com
639,Desigual,influenciasgmail.com,influenciasgmail.com
640,Desigual,infoboumanstudios.com,infoboumanstudios.com
641,Desigual,ingridproduccionseldar.com,ingridproduccionseldar.com
642,Desigual,inigoelizaldehotmail.es,inigoelizaldehotmail.es
643,Desigual,io_manuelhotmail.com,io_manuelhotmail.com
644,Desigual,ioanamariagligor,ioanamariagligor
645,Desigual,ionemogoionehotmail.com,ionemogoionehotmail.com
646,Desigual,iraida.vthotmail.com,iraida.vthotmail.com
647,Desigual,irama,y3l9zwu98pd5pvxf257dqzar6
648,Desigual,iratxo88hotmail.com,iratxo88hotmail.com
649,Desigual,iremop99,iremop99
650,Desigual,Irene Postigo,laa__ireniita
651,Desigual,irene.blanco.sanchezgmail.com,irene.blanco.sanchezgmail.com
652,Desigual,irene_sdhotmail.es,irene_sdhotmail.es
653,Desigual,irenebermejogmail.com,irenebermejogmail.com
654,Desigual,irenecasasayasgrandvalira.com,irenecasasayasgrandvalira.com
655,Desigual,iria.a.naveira2,iria.a.naveira2
656,Desigual,ironfinga2,ironfinga2
657,Desigual,isa16_ld2,isa16_ld2
658,Desigual,isabeja,isabellawarhola4
659,Desigual,Isabel Garrabella Urdániz,1111263415
660,Desigual,isabel.diez.garcia,isabel.diez.garcia
661,Desigual,isabel.saracho,isabel.saracho
662,Desigual,isabelmontoyo,isabelmontoyo
663,Desigual,isalopez252,isalopez252
664,Desigual,isaroldan832,isaroldan832
665,Desigual,iseisdedos6,iseisdedos6
666,Desigual,isidro8992,isidro8992
667,Desigual,isis_mage2,isis_mage2
668,Desigual,ismarilyn2,ismarilyn2
669,Desigual,itsasoaranzabal,itsasoaranzabal
670,Desigual,ivanbilbaofraile2,ivanbilbaofraile2
671,Desigual,ivanreguera10,ivanreguera10
672,Desigual,ix7ainara2,ix7ainara2
673,Desigual,J O S E L O,12148633503
674,Desigual,zak2,zak2
675,Desigual,j.cmourelo2,j.cmourelo2
676,Desigual,j.ezpeleta2,j.ezpeleta2
677,Desigual,ja_nescau,ja_nescau
678,Desigual,jaapnepa,jaapnepa
679,Desigual,jacobo_vg,jacobo_vg
680,Desigual,jacoboduart2,jacoboduart2
681,Desigual,Jacqueline S. Beaulac,jsbeaulac
682,Desigual,jagobaarin2,jagobaarin2
683,Desigual,jairo1952,jairo1952
684,Desigual,jalbertollerena,jalbertollerena
685,Desigual,jaluj,jaluj
686,Desigual,jamadohe,jamadohe
687,Desigual,jamadors,jamadors
688,Desigual,James Keen,11137476134
689,Desigual,janire042,janire042
690,Desigual,janis2411,janis2411
691,Desigual,jarrtaal,jarrtaal
692,Desigual,jaume345,jaume345
693,Desigual,jaumot332,jaumot332
694,Desigual,javier.perez2,javier.perez2
695,Desigual,javier.vassallo2,javier.vassallo2
696,Desigual,javier67garcia2,javier67garcia2
697,Desigual,javiercs12,javiercs12
698,Desigual,javiergraphic2,javiergraphic2
699,Desigual,javierjamongmail.com,javierjamongmail.com
700,Desigual,javierlopezdiez2,javierlopezdiez2
701,Desigual,javierpoza2,javierpoza2
702,Desigual,javilancha55,javilancha55
703,Desigual,javinchi222,javinchi222
704,Desigual,javiroro892,javiroro892
705,Desigual,javisolo22,javisolo22
706,Desigual,javitamayo12,javitamayo12
707,Desigual,javitxus2,javitxus2
708,Desigual,jayjaunty2,jayjaunty2
709,Desigual,jaylagas22,jaylagas22
710,Desigual,jbroockszd3,jbroockszd3
711,Desigual,jcondequattroidcp.com,jcondequattroidcp.com
712,Desigual,jcsanchez.publicidad,jcsanchez.publicidad
713,Desigual,jdiazcardiel,jdiazcardiel
714,Desigual,jeannerossi,jeannerossi
715,Desigual,jelen_22,jelen_22
716,Desigual,jessi_ml84,jessi_ml84
717,Desigual,jesuangel,jesuangel
718,Desigual,jfernandez.unespa,jfernandez.unespa
719,Desigual,jgaled2,jgaled2
720,Desigual,jgarcian772,jgarcian772
721,Desigual,jhonattansierrasi,jhonattansierrasi
722,Desigual,ji2912,maboji123
723,Desigual,Jime Quintero Angeles,1297868468
724,Desigual,jimihandrix,jimihandrix
725,Desigual,jimipekq2,jimipekq2
726,Desigual,jjjjtejedor,jjjjtejedor
727,Desigual,jkindelan,jkindelan
728,Desigual,jkmm11,jkmm11
729,Desigual,jlamotta23,jlamotta23
730,Desigual,jlcanovas,jlcanovas
731,Desigual,jldiezlerma22,jldiezlerma22
732,Desigual,jleoesc22,jleoesc22
733,Desigual,jlgarcia57,jlgarcia57
734,Desigual,jlherrero1234,jlherrero1234
735,Desigual,jlherrero22,jlherrero22
736,Desigual,jlortega22,jlortega22
737,Desigual,jm.abella.mateu2,jm.abella.mateu2
738,Desigual,jmartinezabal,jmartinezabal
739,Desigual,jmbadboy22,jmbadboy22
740,Desigual,jmferreirag22,jmferreirag22
741,Desigual,jmvals.tiempo.grupozeta,jmvals.tiempo.grupozeta
742,Desigual,jmvilardell_tribo2,jmvilardell_tribo2
743,Desigual,jncasoliva22,jncasoliva22
744,Desigual,joan2222222,joan2222222
745,Desigual,joan_16.9.932,joan_16.9.932
746,Desigual,joana_gcs22,joana_gcs22
747,Desigual,joanamsgramacho,joanamsgramacho
748,Desigual,joanaole,joanaole
749,Desigual,joaneasier22,joaneasier22
750,Desigual,jodar_0522,jodar_0522
751,Desigual,joel.arna22,joel.arna22
752,Desigual,John Esteban Espitia,1163554974
753,Desigual,jolam71,jolam71
754,Desigual,jonkoldo22,jonkoldo22
755,Desigual,jonkoldobika22,jonkoldobika22
756,Desigual,jonmack2,jonmack2
757,Desigual,joradelgado2,joradelgado2
758,Desigual,Jordi EG,jrd95
759,Desigual,Jose Matias Aquascape Acuarios Aquascaping,jmsanchezlo84
760,Desigual,josearen,josearen
761,Desigual,Joseba Bazkez,1112053905
762,Desigual,josecanomon,josecanomon
763,Desigual,Josefine Ehlert,1127970238
764,Desigual,josema14_greenday2,josema14_greenday2
765,Desigual,josemartinaguado2,josemartinaguado2
766,Desigual,josemuxa2,josemuxa2
767,Desigual,coronado2,coronado2
768,Desigual,josepaco22,josepaco22
769,Desigual,josepan_gm,josepan_gm
770,Desigual,josephweil.dj,josephweil.dj
771,Desigual,josepmaycas,josepmaycas
772,Desigual,jouillat,jouillat
773,Desigual,Joëlle Scuderi,1110578330
774,Desigual,jrliste,jrliste
775,Desigual,jruamail2,jruamail2
776,Desigual,jrz19742,jrz19742
777,Desigual,jsm737,jsm737
778,Desigual,jsoriano222,jsoriano222
779,Desigual,jspantoja,jspantoja
780,Desigual,Juan Diego Diaz Gutierrez,1114579505
781,Desigual,juanca.odetteband2,juanca.odetteband2
782,Desigual,juancarlos_tapi2,juancarlos_tapi2
783,Desigual,juancarquintela,juancarquintela
784,Desigual,juanignacio2222,juanignacio2222
785,Desigual,juaniki752,juaniki752
786,Desigual,juanjf_galende,juanjf_galende
787,Desigual,juanlukeslater2,juanlukeslater2
788,Desigual,juanma.osm2,juanma.osm2
789,Desigual,juanmanuel.alcubilla,juanmanuel.alcubilla
790,Desigual,juantorresorta,juantorresorta
791,Desigual,julentziow2,julentziow2
792,Desigual,julia_5172,julia_5172
793,Desigual,juliamp232,juliamp232
794,Desigual,junovell,junovell
795,Desigual,kalich2,kalich2
796,Desigual,Karel Yorel,carlos81cuenca
797,Desigual,Karla Ramos,12144155497
798,Desigual,karlesnuf22,karlesnuf22
799,Desigual,karmentutsy2,karmentutsy2
800,Desigual,karolina.borkowsk,karolina.borkowsk
801,Desigual,kassovitz2,kassovitz2
802,Desigual,Kathy Winter,22dc7lai6qgot3ktn7htbklyi
803,Desigual,katisha11m2,katisha11m2
804,Desigual,katy_glez2,katy_glez2
805,Desigual,kay.abano2,kay.abano2
806,Desigual,kcopado2,kcopado2
807,Desigual,kdekunda2,kdekunda2
808,Desigual,keescandalo,keescandalo
809,Desigual,keldon_stromgold2,keldon_stromgold2
810,Desigual,kellypetalo2,kellypetalo2
811,Desigual,kiara_nueva2,kiara_nueva2
812,Desigual,kidnach2,kidnach2
813,Desigual,kiketv422,kiketv422
814,Desigual,kingfisher072,kingfisher072
815,Desigual,kitos_smg22,kitos_smg22
816,Desigual,klara_kom2,klara_kom2
817,Desigual,klaus_nena,klaus_nena
818,Desigual,koki_jlvc2,koki_jlvc2
819,Desigual,kosmosys2,kosmosys2
820,Desigual,kristianol2,kristianol2
821,Desigual,kruiki122,kruiki122
822,Desigual,krystygs2,krystygs2
823,Desigual,krysucat2,krysucat2
824,Desigual,kurki1212,kurki1212
825,Desigual,kurra52,kurra52
826,Desigual,kxxooo,kxxooo
827,Desigual,Kévin Henkes,11134053284
828,Desigual,l.ramirez842,l.ramirez842
829,Desigual,l_aura_922,l_aura_922
830,Desigual,ladiole2,ladiole2
831,Desigual,ladymica252,ladymica252
832,Desigual,laelsica2,laelsica2
833,Desigual,Laetitia B,labeschi22
834,Desigual,lafactoriaecija2,lafactoriaecija2
835,Desigual,lafloraylafaunadeldesierto,lafloraylafaunadeldesierto
836,Desigual,laglobe2,laglobe2
837,Desigual,laia.badana2,laia.badana2
838,Desigual,laiazanon2,laiazanon2
839,Desigual,laka.maite2,laka.maite2
840,Desigual,lala_fer22,lala_fer22
841,Desigual,lamananacope,lamananacope
842,Desigual,lamerce_2,lamerce_2
843,Desigual,laninalaia2,laninalaia2
844,Desigual,lapukintton2,lapukintton2
845,Desigual,laratrullen2,laratrullen2
846,Desigual,larrosa3542,larrosa3542
847,Desigual,lau4gonz,lau4gonz
848,Desigual,lauezk2,lauezk2
849,Desigual,laumaylie56,laumaylie56
850,Desigual,Laura Colorado Ledesma,la_co_le
851,Desigual,lauracastilla_71,lauracastilla_71
852,Desigual,lbuja,lbuja
853,Desigual,Lena,eq1g2228h2ylk24w26p6bl8am
854,Desigual,leoviz_jazz,leoviz_jazz
855,Desigual,Leyla,313ozvzzm2ju4ovaizdrsl6lx77y
856,Desigual,Libertad Ainsworth,fairyofthenightmares
857,Desigual,libertad20032,libertad20032
858,Desigual,Lilia Tarakanova,1186975143
859,Desigual,lithana62,lithana62
860,Desigual,llerae236,llerae236
861,Desigual,Llúcia Pla,112881274
862,Desigual,Lourdes Rocio MQ,225776semsh4q4uwnc4npqkxq
863,Desigual,lrbljlopez,lrbljlopez
864,Desigual,lriveronfinlay,lriveronfinlay
865,Desigual,lucyeguzki,lucyeguzki
866,Desigual,group,group
867,Desigual,luis.bilbao.uam,luis.bilbao.uam
868,Desigual,lujo_19752,lujo_19752
869,Desigual,lupo602,lupo602
870,Desigual,maelcora,maelcora
871,Desigual,Mai Suerte,1111923041
872,Desigual,malagafmmf,malagafmmf
873,Desigual,malberte,malberte
874,Desigual,manuelserraltagmail.com,manuelserraltagmail.com
875,Desigual,Marc Tameur,1144057155
876,Desigual,Marcela Tejera,marce.uy
877,Desigual,Marcos Paulo Araújo,12183127942
878,Desigual,Maria Angelica Botero Manrique,12150503788
879,Desigual,Maria Pia Dibenedetto,11134888329
880,Desigual,maria_271,maria_271
881,Desigual,Marian25,santorini25
882,Desigual,Marieta Cortina,216x3nihl6rtxooovet46thzi
883,Desigual,markpearce71,markpearce71
884,Desigual,marta.rabbiosi,marta.rabbiosi
885,Desigual,MARYCLAU,ohmyjxstd4rn30nfgavi1nuhu
886,Desigual,mave_20005,mave_20005
887,Desigual,mcdonnellcallum,mcdonnellcallum
888,Desigual,mcunchillos,mcunchillos
889,Desigual,mdelacru,mdelacru
890,Desigual,merchescudero,merchescudero
891,Desigual,mfgamo,mfgamo
892,Desigual,mianmat2,mianmat2
893,Desigual,Mica Bellani,11128643660
894,Desigual,miguelin36,miguelin36
895,Desigual,miguelpitri2,miguelpitri2
896,Desigual,miguelromeroguerra,miguelromeroguerra
897,Desigual,misidefu,misidefu
898,Desigual,Mizamigos Losgatos,mizamigoslosgatos
899,Desigual,mluisa.navasrodriguez,mluisa.navasrodriguez
900,Desigual,mmarrosagaray,mmarrosagaray
901,Desigual,r.com,r.com
902,Desigual,mpilareducastur,mpilareducastur
903,Desigual,MR DARKweather,xsmb87pqi4ft6m5rliagxhboi
904,Desigual,Mr Smith,31owcjz2amexzsytwto5hoikwb7a
905,Desigual,mramisalcudiaasesores.net,mramisalcudiaasesores.net
906,Desigual,msalgadocmcyl.es,msalgadocmcyl.es
907,Desigual,MT Hammer,31tn7m4hllrzq4hkh5yitrdj2vfy
908,Desigual,murbaw,murbaw
909,Desigual,Mustikcan,21n4d6lfn3fvyurpqzjxcfryi
910,Desigual,Mymy,nho7hhsr6lpywsl6la4feo0z4
911,Desigual,Myriam,9oaujg05zn8iprv5onvcuigsn
912,Desigual,Mónica Gaeta,1112228110
913,Desigual,Narayely,y1zu5bv950i61k280tukq7etk
914,Desigual,navarro432,navarro432
915,Desigual,Nefer,zcfha6nzpxr5q1jj56mvuu0y8
916,Desigual,nenalovepeqe,nenalovepeqe
917,Desigual,Neus Drac,los2pichones
918,Desigual,Nina Simone,nsalleyne
919,Desigual,nocalvo,nocalvo
920,Desigual,Nubia Cienfuegos,1276579790
921,Desigual,Nur,1121479364
922,Desigual,Nuria Meda Puigpinos,1162444701
923,Desigual,oksh22,oksh22
924,Desigual,olitas_h2,olitas_h2
925,Desigual,oress_22,oress_22
926,Desigual,oscar.fraguas,oscar.fraguas
927,Desigual,es,es
928,Desigual,oswaldo124,oswaldo124
929,Desigual,Pablo Minguijon,pouller
930,Desigual,pacosuarez1243,pacosuarez1243
931,Desigual,paponetsendra,paponetsendra
932,Desigual,paredes_crespo,paredes_crespo
933,Desigual,pascualo45hotmail.com,pascualo45hotmail.com
934,Desigual,Patricia Mascarell Gregori,pmascarell
935,Desigual,Patrick Pedevilla,1174733327
936,Desigual,pdelaosa55,pdelaosa55
937,Desigual,pecargarcia,pecargarcia
938,Desigual,Pedro Semitiel Morales,psemitiel
939,Desigual,pedromanuel2002,pedromanuel2002
940,Desigual,pedromaria.reyortubay,pedromaria.reyortubay
941,Desigual,pelosdemar,pelosdemar
942,Desigual,Philippe Camacho,11134859950
943,Desigual,plrurko,plrurko
944,Desigual,ppuerto,ppuerto
945,Desigual,ptrucios,ptrucios
946,Desigual,purificacion.centrad,purificacion.centrad
947,Desigual,rafael.miralles2,rafael.miralles2
948,Desigual,rafael.redondofominculsa.com,rafael.redondofominculsa.com
949,Desigual,Rafita Bello Gutierrez,rafabg31
950,Desigual,ramartingomez,ramartingomez
951,Desigual,rancis.paradise22,rancis.paradise22
952,Desigual,raquelmendez28,raquelmendez28
953,Desigual,raulbeltran12,raulbeltran12
954,Desigual,Retrouvailles1997,12136501491
955,Desigual,ricobea.1,ricobea.1
956,Desigual,Robert Salant,116699943
957,Desigual,robinrol,robinrol
958,Desigual,rojaspji,rojaspji
959,Desigual,Roman Lata Ares,1155731001
960,Desigual,rran.cros2,rran.cros2
961,Desigual,rran.mendiza,rran.mendiza
962,Desigual,ryzowa99,ryzowa99
963,Desigual,Sandra Elena,22io5swlrgzpn3uygtorsoyia
964,Desigual,saneti,saneti
965,Desigual,santy36,santy36
966,Desigual,Sara Carrasco Claros,saritaa%21
967,Desigual,Sarah Carrière,11164891970
968,Desigual,scarpa_tp,scarpa_tp
969,Desigual,sejal2014,sejal2014
970,Desigual,sgrasv,sgrasv
971,Desigual,silv_lj,silv_lj
972,Desigual,silviacpamplona,silviacpamplona
973,Desigual,sofi.bugui,sofi.bugui
974,Desigual,ssjgml4,ssjgml4
975,Desigual,Ste Fania,313avmzejeujhcb6azgfslowww4a
976,Desigual,Stephanie Pace,11128084305
977,Desigual,Tobias Gandalv,1127669724
978,Desigual,music,music
979,Desigual,u.washington.edu,u.washington.edu
980,Desigual,ugneeltallerdelflow,ugneeltallerdelflow
981,Desigual,valgarma2,valgarma2
982,Desigual,Vanessa Casado,11130491240
983,Desigual,vccm,vccm
984,Desigual,vcoto.elcomerciodigital,vcoto.elcomerciodigital
985,Desigual,vegaf.sabadellatlantico,vegaf.sabadellatlantico
986,Desigual,vero_fdez95,vero_fdez95
987,Desigual,vfederica_marti,vfederica_marti
988,Desigual,vicmabe2,vicmabe2
989,Desigual,victo147,victo147
990,Desigual,Victoria Ducournau,victoriaduco
991,Desigual,Vlady Sky-air,12179693667
992,Desigual,Walter Leskovar,21c3wku4nr2iwmkw4j2ox2oxy
993,Desigual,Will B.,1233972491
994,Desigual,woelky2,woelky2
995,Desigual,ycole878,ycole878
996,Desigual,ysobejano,ysobejano
997,Desigual,Дмитрий Петраков,31ztdndr4vtkitqkqdlsk6v5ccai
